title,company,location,link
Senior Python Engineer,Clevertech,Anywhere in the World,https://weworkremotely.com/remote-jobs/clevertech-senior-python-engineer-1,Weworkremotely
"Senior Open Source Developer & DevOps (Python, Django, React, AWS/OpenStack)",OpenCraft,Anywhere in the World,https://weworkremotely.com/remote-jobs/opencraft-senior-open-source-developer-devops-python-django-react-aws-openstack,Weworkremotely
Python Full-Stack Engineer | Remote (Western Hemisphere),NFTYLabs,Anywhere in the World,https://weworkremotely.com/remote-jobs/nftylabs-python-full-stack-engineer-remote-western-hemisphere,Weworkremotely
Senior Open Source Software Engineer (Python),Ethyca,USA Only,https://weworkremotely.com/remote-jobs/ethyca-senior-open-source-software-engineer-python-1,Weworkremotely
Full Stack Developer (Python & Vue.js),Motoinsight,Anywhere in the World,https://weworkremotely.com/remote-jobs/motoinsight-full-stack-developer-python-vue-js-1,Weworkremotely
Senior Software Engineer – Docker/Linux/Python - FULLY REMOTE,Affinda,Anywhere in the World,https://weworkremotely.com/remote-jobs/affinda-senior-software-engineer-docker-linux-python-fully-remote,Weworkremotely
(Senior) Python Full Stack Software Developer,Optimile,Europe Only,https://weworkremotely.com/remote-jobs/optimile-senior-python-full-stack-software-developer,Weworkremotely
Senior OSS Developer — Python,HTTPie,Anywhere in the World,https://weworkremotely.com/remote-jobs/httpie-senior-oss-developer-python,Weworkremotely
Senior Back-end Developer (Python),Input Logic,Canada Only,https://weworkremotely.com/remote-jobs/input-logic-senior-back-end-developer-python,Weworkremotely
Python Developer,X-Team,Anywhere in the World,https://weworkremotely.com/remote-jobs/x-team-python-developer-2,Weworkremotely
Python Team Lead Software Engineer,Tucows,Anywhere in the World,https://weworkremotely.com/remote-jobs/tucows-python-team-lead-software-engineer,Weworkremotely
Senior Software Developer,Steadily,🌏 Worldwide,https://remoteok.io/l/106620,Remote
Full Stack Software Developer,Art+Logic,United States and Canada,https://remoteok.io/l/106607,Remote
Perl Software Developer,Tucows,🌏 Worldwide,https://remoteok.io/l/106397,Remote
Senior Software Engineer,Administrate,United Kingdom,https://remoteok.io/l/102166,Remote
Senior Software Engineer,Tucows,🌏 Worldwide,https://remoteok.io/l/106398,Remote
Software Engineer,Capchase,🇪🇺 EU,https://remoteok.io/l/106179,Remote
Python Developer,2amigos Consulting Group,Latin America,https://remoteok.io/l/106172,Remote
Systems Engineer Kafka Specialist,Tucows,🌏 Worldwide,https://remoteok.io/l/106148,Remote
Python Team Lead Software Engineer,Tucows,🌏 Worldwide,https://remoteok.io/l/106133,Remote
Full Stack Engineer,Real Vision,"Usa, Uk",https://remoteok.io/l/105894,Remote
Senior Software Engineer,UpLift,🌏 Worldwide,https://remoteok.io/l/105729,Remote
Senior Software Engineer,Iterative,🌏 Worldwide,https://remoteok.io/l/99244,Remote
Python Software Engineer (Data Pipeline),Bloomreach,No office location,https://stackoverflow.com/jobs/524987,Stackoverflow
Senior Backend Engineer (Python/APIs),Belvo Technologies,"São Paulo, Brazil",https://stackoverflow.com/jobs/552501,Stackoverflow
Python Full-Stack Software Engineer,Steeprock Inc,No office location,https://stackoverflow.com/jobs/530560,Stackoverflow
"Senior Software Engineer - Full-stack (Python, React)",Invitae Corporation,No office location,https://stackoverflow.com/jobs/522534,Stackoverflow
Senior Backend Engineer - Python - México,Cornershop by Uber,No office location,https://stackoverflow.com/jobs/526139,Stackoverflow
Python Developer (Remote),X-Team,No office location,https://stackoverflow.com/jobs/534454,Stackoverflow
"Senior Python Engineer, Backend (Remote)",AssemblyAI,"San Francisco, CA",https://stackoverflow.com/jobs/540026,Stackoverflow
Python Developer (Remote),Finsera,No office location,https://stackoverflow.com/jobs/524065,Stackoverflow
Senior Python/Django Full-stack Developer,Apicbase Belgium,No office location,https://stackoverflow.com/jobs/515716,Stackoverflow
Senior Python/Django Full-stack Developer,Apicbase Belgium,No office location,https://stackoverflow.com/jobs/545356,Stackoverflow
Senior Python Developer,Marketer Technologies AS,"Oslo, Norway",https://stackoverflow.com/jobs/518200,Stackoverflow
Back-end developer (Python),Nolk,"Montreal, QC, Canada",https://stackoverflow.com/jobs/547896,Stackoverflow
Back-End Developer (i.e. Python),Imaginary Cloud,No office location,https://stackoverflow.com/jobs/554230,Stackoverflow
Senior Python Software Engineer (w/m/d),Statice GmbH,"Berlin, Germany",https://stackoverflow.com/jobs/552135,Stackoverflow
"Python Back End Developer (FastAPI, Django, Celery)","Daupler, Inc.","Kansas City, MO",https://stackoverflow.com/jobs/523350,Stackoverflow
Senior Software Engineer - Python,DIGARC,No office location,https://stackoverflow.com/jobs/497630,Stackoverflow
(Junior) Software Developer Python (m/w/d),Univention GmbH,No office location,https://stackoverflow.com/jobs/550381,Stackoverflow
Full-Stack Python and React Developer,Scalable Path,No office location,https://stackoverflow.com/jobs/554262,Stackoverflow
Senior AWS Engineer (must have Python),Western Governors University,No office location,https://stackoverflow.com/jobs/538135,Stackoverflow
"Data Engineer (Python, ETL)",Finsera,No office location,https://stackoverflow.com/jobs/536631,Stackoverflow
"SENIOR FULL-STACK DEV WITH RUBY / PYTHON / REACT NATIVE -- 100% REMOTE, FLEXIBLE",Analytics Fire,No office location,https://stackoverflow.com/jobs/517987,Stackoverflow
Senior Python Engineer,Rialtic,"Atlanta, GA",https://stackoverflow.com/jobs/483940,Stackoverflow
Python Developer,Risk Focus,No office location,https://stackoverflow.com/jobs/552173,Stackoverflow
Senior Python Back End Engineer - Tech Lead (Remote-LatAm),Loadsmart,No office location,https://stackoverflow.com/jobs/508341,Stackoverflow
Software Engineer (Java/Python),ComplyAdvantage,"London, UK",https://stackoverflow.com/jobs/528544,Stackoverflow
Fully Remote Senior Cloud Software Engineer (Kubernetes Operator Team) - MariaDB,,No office location,https://stackoverflow.com/jobs/554867,Stackoverflow
"Senior Software Engineer, Integration QA, Python",Canonical,No office location,https://stackoverflow.com/jobs/519661,Stackoverflow
Python Developer,Zyte (formerly Scrapinghub),No office location,https://stackoverflow.com/jobs/513698,Stackoverflow
Senior Python Engineer,Rialtic,"Atlanta, GA",https://stackoverflow.com/jobs/483940,Stackoverflow
Senior Python Back End Engineer - Tech Lead (Remote-LatAm),Loadsmart,No office location,https://stackoverflow.com/jobs/508341,Stackoverflow
Senior Fullstack Engineer (Python/Django/React)- #12 of Top-100 Marketplaces,StyleSeat,No office location,https://stackoverflow.com/jobs/554278,Stackoverflow
Python Developer,Risk Focus,No office location,https://stackoverflow.com/jobs/552173,Stackoverflow
Senior Python Engineer,,"Boston, MA",https://stackoverflow.com/jobs/524663,Stackoverflow
"Senior Open Source Developer & DevOps (Python, Django, AWS, OpenStack)",OpenCraft,No office location,https://stackoverflow.com/jobs/453430,Stackoverflow
"Senior .Net Developer for ML, Computer Vision and Python Algorithm development",MapLarge,No office location,https://stackoverflow.com/jobs/165235,Stackoverflow
Senior Software Engineer (Java/Python - Data Insights),ComplyAdvantage,"London, UK",https://stackoverflow.com/jobs/528607,Stackoverflow
Experienced Python Software Developer for our Partner ADSPERT (Berlin or remote),solute GmbH,"Berlin, Deutschland",https://stackoverflow.com/jobs/547853,Stackoverflow
Senior Python Engineer - Back End - Take Charge Of Our In-House CMS,Immersive Labs,No office location,https://stackoverflow.com/jobs/552495,Stackoverflow
Node.js Developer (Remote),Soshace LLC,No office location,https://stackoverflow.com/jobs/545625,Stackoverflow
React or Angular Front-end developer (Remote),Soshace LLC,No office location,https://stackoverflow.com/jobs/545624,Stackoverflow
PHP/Laravel Developer (Remote),Soshace LLC,No office location,https://stackoverflow.com/jobs/545674,Stackoverflow
Cloud Automation Engineer,tribe29 GmbH,"München, Deutschland",https://stackoverflow.com/jobs/547843,Stackoverflow
Senior Frontend Engineer,Hyperexponential,"London, UK",https://stackoverflow.com/jobs/554263,Stackoverflow
Intertoob Scanner Builder (Fullstack Engineer),Carve Systems,"Golden, CO",https://stackoverflow.com/jobs/517498,Stackoverflow
Backend Engineer,Tessian,"London, UK",https://stackoverflow.com/jobs/547936,Stackoverflow
"Software Engineering Lead, Web Application - Remote",Tucows,No office location,https://stackoverflow.com/jobs/553438,Stackoverflow
Remote - Senior Software Engineer - Integrations,Bombora,"Reno, NV",https://stackoverflow.com/jobs/552542,Stackoverflow
Backend Software Engineer - SDVI Rally Core,SDVI,No office location,https://stackoverflow.com/jobs/451625,Stackoverflow
Backend Developer (Django),Self Decode,No office location,https://stackoverflow.com/jobs/529107,Stackoverflow
Senior Software Engineer - Remote,Tucows,No office location,https://stackoverflow.com/jobs/553437,Stackoverflow
Software Developer,"Techcyte, Inc.","Orem, UT",https://stackoverflow.com/jobs/551487,Stackoverflow
React Front End Developer,"Daupler, Inc.","Kansas City, MO",https://stackoverflow.com/jobs/523351,Stackoverflow
Backend Software Engineer - SDVI Rally Core,SDVI,No office location,https://stackoverflow.com/jobs/451625,Stackoverflow
Software Architect (Django/Flask + React),Self Decode,No office location,https://stackoverflow.com/jobs/307459,Stackoverflow
Backend Developer (Django),Self Decode,No office location,https://stackoverflow.com/jobs/529107,Stackoverflow
Senior Backend Engineer,Tessian,"London, UK",https://stackoverflow.com/jobs/547940,Stackoverflow
Senior Software Engineer - Remote,Tucows,No office location,https://stackoverflow.com/jobs/553437,Stackoverflow
Software Developer,Omnivore Technologies,"Clearwater, FL",https://stackoverflow.com/jobs/522531,Stackoverflow
Fullstack Engineer 🧰 Typescript | React | Node | GraphQL | 100% Remote,Nira,No office location,https://stackoverflow.com/jobs/554903,Stackoverflow
Software Engineer (Full Stack),Parenthetic,No office location,https://stackoverflow.com/jobs/527828,Stackoverflow
Full Stack Developer (Django + React),Self Decode,No office location,https://stackoverflow.com/jobs/524866,Stackoverflow
(Senior) Backend Engineer at mobility start-up (m/f/x) - Munich or Remote,FINN,"München, Germany",https://stackoverflow.com/jobs/331741,Stackoverflow
Senior Software Engineer - App Store APIs,Canonical,No office location,https://stackoverflow.com/jobs/551466,Stackoverflow
Senior Full Stack Engineer at Leading Education Company,Tynker,No office location,https://stackoverflow.com/jobs/494562,Stackoverflow
"Senior Software Engineer, Backend - Landscape",Canonical,No office location,https://stackoverflow.com/jobs/551337,Stackoverflow
Sr. Software Engineer I - Account Takeover,Flashpoint,No office location,https://stackoverflow.com/jobs/541124,Stackoverflow
Front-End Developer,Imaginary Cloud,No office location,https://stackoverflow.com/jobs/554456,Stackoverflow
Front End Software Developer (remote - EU),Optimile,"Ghent, Belgium",https://stackoverflow.com/jobs/551294,Stackoverflow
.Net Software Developer,Geotab,No office location,https://stackoverflow.com/jobs/528786,Stackoverflow
Software Developer Frontend (m/w/d) Javascript,solute GmbH,"Karlsruhe, Deutschland",https://stackoverflow.com/jobs/283761,Stackoverflow
Fully Remote Senior or Lead DevOps Engineer - Platform9,,"Mountain View, CA",https://stackoverflow.com/jobs/545092,Stackoverflow
"Backend Developer (Node.js, Postgres, AWS)",Fretello GmbH,No office location,https://stackoverflow.com/jobs/533110,Stackoverflow
Full Stack Developer,Common Code,No office location,https://stackoverflow.com/jobs/545907,Stackoverflow
Senior Data Engineer (m/w/d) All Locations | Remote,Mercateo Group,No office location,https://stackoverflow.com/jobs/550875,Stackoverflow
Full-Stack Software Developer,Advanced Energy Economy,"New York, NY",https://stackoverflow.com/jobs/554906,Stackoverflow
